{
  "model": "Simple CNN",
  "model_type": "cnn",
  "threshold": 0.5,
  "inference_time_minutes": 0.4002387603123983,
  "forest_area_ha": 170164.24,
  "forest_area_km2": 1701.6424,
  "deforestation_area_ha": 27936.11,
  "deforestation_area_km2": 279.3611,
  "deforestation_percentage": 16.417144988864877,
  "remaining_forest_ha": 142228.13,
  "remaining_forest_percentage": 83.58285501113512
}