,bands,width,height,dtype,pixel_size_x,pixel_size_y,memory_mb
S1_2024,2,7970,11261,float32,10.0,10.0,684.7394561767578
S1_2025,2,7970,11261,float32,10.0,10.0,684.7394561767578
S2_2024,7,7970,11261,float32,10.0,10.0,2396.5880966186523
S2_2025,7,7970,11261,float32,10.0,10.0,2396.5880966186523
