,bands,width,height,dtype,pixel_size_x,pixel_size_y,memory_mb
S1_2024,1,12547,10917,float32,10.0,10.0,522.5204429626465
S1_2025,1,12547,10917,float32,10.0,10.0,522.5204429626465
S2_2024,7,12547,10917,float32,10.0,10.0,3657.6431007385254
S2_2025,7,12547,10917,float32,10.0,10.0,3657.6431007385254
