{"aAcc": 88.71, "mFscore": 88.56, "mPrecision": 88.86, "mRecall": 88.39, "mIoU": 79.5, "mAcc": 88.39, "data_time": 0.08081498256949492, "time": 0.15137336235637813}